Date,so2,nox,o3,pm2.5,pm10,co
01/01/2017,4.049,6.33,,10.006,13.024,
01/02/2017,3.618,14.275,,15.185,19.57,
01/03/2017,3.376,15.335,,10.952,15.798,
01/04/2017,3.845,16.936,,15.836,20.353,
01/05/2017,3.771,11.873,,9.38,13.657,
01/06/2017,3.754,14.489,,11.225,16.066,
01/07/2017,4.152,14.732,,15.216,20.948,
01/08/2017,4.018,14.578,,26.54,34.474,
01/09/2017,4.168,15.827,,19.688,25.611,
01/10/2017,3.679,13.084,,13.158,17.022,
01/11/2017,3.529,13.879,,5.996,8.117,
01/12/2017,3.334,11.291,,5.385,8.015,
1/13/2017,3.908,14.248,,13.26,17.839,
1/14/2017,3.997,11.476,,14.463,18.257,
1/15/2017,3.724,11.513,,12.473,15.348,
1/16/2017,3.695,13.076,,5.452,7.664,
1/17/2017,3.415,10.483,,6.266,8.523,
1/18/2017,3.344,14.639,,9.646,10.348,
1/19/2017,3.623,15.617,,2.47,4.286,
1/20/2017,3.722,13.405,,8.305,7.468,
1/21/2017,4.083,13.012,,7.969,7.666,
1/22/2017,4.12,14.089,,18.628,24.212,
1/23/2017,3.729,10.384,,9.516,13.135,
1/24/2017,3.35,13.142,,5.797,5.749,
1/25/2017,3.761,14.11,,8.189,8.088,
1/26/2017,3.761,15.908,,4.744,4.614,
1/27/2017,4.221,14.118,,6.058,7.64,
1/28/2017,3.479,16.203,,8.46,11.542,
1/29/2017,3.776,14.056,,11.036,15.184,
1/30/2017,4.411,12.837,,17.249,23.336,
1/31/2017,4.839,16.209,,15.053,16.974,
02/01/2017,4.216,11.961,,9.8,12.36,
02/02/2017,3.976,5.076,,5.575,6.033,
02/03/2017,3.139,8.776,,3.638,4.426,
02/04/2017,3.236,10.073,,8.543,11.303,
02/05/2017,3.344,9.885,,8.797,11.302,
02/06/2017,4.102,12.225,,10.511,13.526,
02/07/2017,3.721,9.532,,6.411,8.17,
02/08/2017,4.909,15,,11.846,15.307,
02/09/2017,5.382,17.324,,14.715,29.475,
02/10/2017,3.913,16.018,,11.048,28.588,
02/11/2017,3.423,16.788,,8.105,19.329,
02/12/2017,3.52,13.656,,8.934,20.183,
2/13/2017,3.011,8.967,,5.911,16.085,
2/14/2017,2.804,5.323,,5.598,25.063,
2/15/2017,2.949,9.089,,10.035,25.219,
2/16/2017,3.314,18.368,,11.868,25.4,
2/17/2017,3.604,14.543,,19.783,38.781,
2/18/2017,3.869,10.107,,14.131,26.582,
2/19/2017,3.622,10.022,,4.348,10.637,
2/20/2017,3.463,10.008,,8.354,18.613,
2/21/2017,3.902,6.998,,7.676,18.544,
2/22/2017,3.591,12.195,,9.88,22.722,
2/23/2017,4.668,11.265,,13.924,27.014,
2/24/2017,3.739,11.035,,10.399,22.848,
2/25/2017,3.472,10.086,,8.419,17.609,
2/26/2017,14.104,22.898,,11.507,21.811,
2/27/2017,3.879,9.447,,9.873,17.809,
2/28/2017,4.266,10.45,,6.145,14.495,
03/01/2017,5.41,11.479,,12.248,22.824,
03/02/2017,3.745,6.137,,8.478,16.425,
03/03/2017,3.767,12.771,,9.633,18.018,
03/04/2017,3.681,8.996,,10.016,18.416,
03/05/2017,3.174,7.814,,6.624,13.809,
03/06/2017,5.57,11.575,,15.405,25.851,
03/07/2017,5.24,16.974,,21.675,32.566,
03/08/2017,3.64,13.317,,14.176,25.238,
03/09/2017,3.635,13.529,,20.521,27.123,
03/10/2017,4.76,14.75,,24.557,21.974,
03/11/2017,4.697,11.708,,32.759,29.448,
03/12/2017,4.119,12.623,,27.034,24.386,
3/13/2017,4.057,10.45,,29.127,26.297,
3/14/2017,5.542,11.949,,27.811,25.111,
3/15/2017,3.249,11.724,,21.544,19.442,
3/16/2017,3.055,10.366,,11.99,10.908,
3/17/2017,3.129,11.46,,16.162,14.6,
3/18/2017,3.307,11.164,,15.694,14.213,
3/19/2017,3.046,12.556,,19.342,17.475,
3/20/2017,3.355,12.594,,18.933,17.046,
3/21/2017,3.517,10.305,,24.093,21.761,
3/22/2017,3.613,12.312,,18.09,16.416,
3/23/2017,6.145,13.209,,18.081,16.385,
3/24/2017,3.808,11.889,,18.155,16.409,
3/25/2017,3.583,9.405,,16.8,15.215,
3/26/2017,3.403,9.005,,16.88,15.32,
3/27/2017,3.433,8.435,,7.599,7.051,
3/28/2017,3.689,10.66,,9.654,14.964,
3/29/2017,3.801,13.427,,16.129,28.023,
3/30/2017,,,,,,
3/31/2017,,,,,,
04/01/2017,-999,-999,-999,-999,-999,-999
04/02/2017,-999,-999,-999,-999,-999,-999
04/03/2017,-999,-999,-999,-999,-999,-999
04/04/2017,1.355,7.208,37.798,4.162,17.301,0.238
04/05/2017,2.259,9.052,38.469,12.654,28.253,0.195
04/06/2017,2.17,10.358,34.139,16.068,31.94,0.17
04/07/2017,1.449,13.181,25.065,15.05,33.064,0.185
04/08/2017,1.618,11.368,28.02,17.39,29.627,0.148
04/09/2017,1.521,10.91,27.486,17.816,27.029,0.144
04/10/2017,3.034,10.895,43.374,26.68,40.112,0.131
04/11/2017,1.769,3.207,29.936,17.237,27.846,0.05
04/12/2017,1.735,9.283,39.241,20.677,35.125,0.097
4/13/2017,6.329,13.79,29.25,13.453,25.337,0.086
4/14/2017,0.617,5.369,29.169,9.098,19.86,0.076
4/15/2017,0.937,9.141,30.492,15.485,30.863,0.14
4/16/2017,0.772,9.489,19.593,11.512,24.845,0.157
4/17/2017,1.336,8.975,28.743,13.041,24.113,0.126
4/18/2017,2.089,15.815,34.896,19.825,30.328,0.176
4/19/2017,3.788,11.193,17.917,13.458,20.741,0.177
4/20/2017,3.871,10.735,30.928,10.54,15.418,0.131
4/21/2017,5.085,14.995,34.409,14.076,23.471,0.162
4/22/2017,2.503,11.757,16.272,10.958,20.978,0.121
4/23/2017,1.255,8.709,23.26,11.219,20.092,0.13
4/24/2017,1.513,9.674,35.047,14.427,26.893,0.171
4/25/2017,1.368,12.774,33.797,18.028,30.188,0.215
4/26/2017,1.018,11.958,32.659,15.566,25.704,0.164
4/27/2017,1.761,7.524,27.429,15.938,30.974,0.165
4/28/2017,1.332,8.927,25.425,15.275,35.359,0.158
4/29/2017,2.218,12.731,25.562,13.605,34.275,0.169
4/30/2017,1.32,9.061,34.066,17.286,41.335,0.2
05/01/2017,1.871,5.396,37.496,17.346,38.454,0.201
05/02/2017,1.947,14.671,42.243,20.653,40.334,0.222
05/03/2017,1.35,16.519,36.34,21.092,40.723,0.231
05/04/2017,1.187,14.108,30.572,9.394,26.201,0.196
05/05/2017,1.581,18.005,24.841,15.815,32.969,0.214
05/06/2017,1.393,11.522,29.379,10.386,25.234,0.188
05/07/2017,1.767,9.547,24.463,8.818,22.939,0.173
05/08/2017,1.457,10.512,24.855,13.142,27.889,0.178
05/09/2017,1.343,13.083,36.235,15.827,30.914,0.178
05/10/2017,1.315,9.325,21.255,10.801,24.859,0.166
05/11/2017,1.692,11.155,17.983,8.753,27.353,0.175
05/12/2017,1.232,12.316,18.5,10.843,29.978,0.161
5/13/2017,1.297,10.197,25.194,15.1,35.468,0.177
5/14/2017,2.151,10.043,25.743,13.484,30.149,0.166
5/15/2017,1.34,8.278,30.175,13.819,28.879,0.175
5/16/2017,3.384,9.229,18.062,18.53,35.092,0.175
5/17/2017,2.095,11.775,7.687,17.139,29.412,0.201
5/18/2017,2.216,13.367,9.781,13.41,24.689,0.215
5/19/2017,1.788,10.971,10.606,12.818,24.265,0.203
5/20/2017,4.429,10.652,8.534,11.757,17.868,0.552
5/21/2017,2.451,7.058,6.723,15.829,26.408,0.214
5/22/2017,2.607,6.942,6.684,8.07,19.407,0.144
5/23/2017,3.543,9.443,5.609,10.169,22.642,0.154
5/24/2017,3.886,9.223,5.15,11.096,22.488,0.182
5/25/2017,3.14,10.374,8.375,12.442,27.281,0.247
5/26/2017,6.778,11.067,5.504,11.895,24.863,0.178
5/27/2017,1.844,8.404,6.683,9.183,17.119,0.168
5/28/2017,2.259,6.14,22.028,4.839,15.376,0.176
5/29/2017,1.93,8.399,5.705,5.835,21.987,0.196
5/30/2017,2.554,7.165,11.339,5.983,20.831,0.174
5/31/2017,3.237,7.46,5.133,7.013,16.064,0.185
06/01/2017,4.03,8.257,8.102,7.76,14.142,0.21
06/02/2017,1.533,9.07,,8.737,21.27,0.23
06/03/2017,1.457,10.516,4.135,10.421,32.903,0.218
06/04/2017,2.185,6.866,4.77,7.615,22.016,0.175
06/05/2017,2.816,9.171,5.924,8.2,22.499,0.168
06/06/2017,2.017,10.191,10.841,10.836,28.156,0.193
06/07/2017,1.77,11.032,7.629,11.751,27.059,0.245
06/08/2017,1.808,5.722,4.617,7.382,20.956,0.194
06/09/2017,1.263,5.086,4.114,7.996,21.252,0.193
06/10/2017,1.576,6.492,6.042,4.786,19.162,0.173
06/11/2017,2.133,5.745,3.933,7.09,20.369,0.158
06/12/2017,2.959,7.28,6.033,10.17,28.57,0.171
6/13/2017,1.368,7.958,3.194,12.868,29.5,0.195
6/14/2017,1.637,10.688,4.832,13.857,26.631,0.199
6/15/2017,1.669,11.206,8.632,13.247,39.856,0.17
6/16/2017,4.148,12.809,7.712,,,
6/17/2017,3.943,8.798,27.393,,,
6/18/2017,10.705,26.44,14.876,,,
6/19/2017,2.55,9.268,18.788,,,
6/20/2017,2.52,10.692,18.282,,,
6/21/2017,2.746,18.734,26.014,,,
6/22/2017,9.077,21.922,,,,
6/23/2017,7.622,25.064,45.232,,,
6/24/2017,6.654,21.083,,,,
6/25/2017,6.332,24.185,,,,
6/26/2017,5.977,27.777,,,,
6/27/2017,4.074,36.089,,,,
6/28/2017,5.542,25.985,2.401,,,
6/29/2017,9.056,22.023,72.417,,,
6/30/2017,16.119,59.927,,,,
07/01/2017,22.897,97.061,-999,0,14.967,
07/02/2017,33.986,96.5,-999,0,16.457,
07/03/2017,48.919,33.621,17.356,0,10.055,
07/04/2017,1.497,7.158,17.331,0.3,7.907,
07/05/2017,1.327,7.265,22.257,0.017,10.883,
07/06/2017,2.106,11.688,20.298,0.018,11.649,
07/07/2017,1.972,7.681,15.309,0.152,10.611,
07/08/2017,2.133,8.755,21.651,0.079,11.572,
07/09/2017,2.096,7.192,20.221,0.157,7.438,
07/10/2017,2.61,9.735,25.545,3.895,13.971,
07/11/2017,1.335,7.285,9.695,0.03,9.555,
07/12/2017,1.427,7.485,6.071,0,8.355,
7/13/2017,1.812,7.114,12.867,0.269,7.927,
7/14/2017,2.917,5.842,14.623,7.28,11.532,
7/15/2017,2.199,6.689,9.954,0.052,7.186,
7/16/2017,1.052,5.422,9.613,0.007,9.252,
7/17/2017,1.801,6.358,8.867,0.085,7.511,
7/18/2017,1.191,6.356,11.08,0.17,9.771,
7/19/2017,1.212,8.906,10.678,0,10.996,
7/20/2017,1.169,7.757,7.851,0,8.02,
7/21/2017,2.78,8.107,16.818,0,12.06,
7/22/2017,1.434,5.751,16.702,0,8.18,
7/23/2017,1.723,6.777,16.476,0.046,7.823,
7/24/2017,2.864,6.871,18.976,0.131,13.85,
7/25/2017,2.327,6.442,17.504,0.039,9.946,
7/26/2017,1.766,7.069,9.336,0,8.312,
7/27/2017,1.869,7.89,5.029,0,8.288,
7/28/2017,2.292,10.107,15.232,0.009,7.551,
7/29/2017,1.863,20.524,4.941,0.006,9.951,
7/30/2017,1.297,5.915,9.897,0,13.531,
7/31/2017,1.921,5.856,10.508,2.666,17.528,
08/01/2017,1.872,6.525,11.236,-999,-999,-999
08/02/2017,3.588,10.827,34.294,5.105,7.859,0.217
08/03/2017,6.536,13.113,10.973,9.223,13.753,0.177
08/04/2017,3.366,8.857,13.596,16.481,25.515,0.17
08/05/2017,2.63,9.185,18.184,8.826,16.154,0.186
08/06/2017,3.806,6.542,12.439,10.313,24.782,0.712
08/07/2017,3.266,5.049,9.757,-999,-999,-999
08/08/2017,4.616,10.757,12.339,-999,-999,-999
08/09/2017,38.526,34.005,82.485,-999,-999,-999
08/10/2017,42.407,65.477,-999,-999,-999,-999
08/11/2017,46.093,97.009,-999,-999,-999,-999
08/12/2017,111.499,98.251,-999,-999,-999,-999
8/13/2017,106.387,94.331,-999,-999,-999,-999
8/14/2017,121.959,73.601,-999,-999,-999,-999
8/15/2017,113.872,124.713,-999,-999,-999,-999
8/16/2017,114.002,97.471,-999,-999,-999,-999
8/17/2017,39.357,128.867,-999,-999,-999,-999
8/18/2017,-999,-999,-999,-999,-999,-999
8/19/2017,-999,-999,-999,-999,-999,-999
8/20/2017,-999,175.668,-999,-999,-999,-999
8/21/2017,-999,-999,-999,-999,-999,-999
8/22/2017,-999,-999,-999,-999,-999,-999
8/23/2017,-999,-999,-999,-999,-999,-999
8/24/2017,2.69,9.88,9.618,-999,-999,-999
8/25/2017,2.755,5.198,14.114,-999,-999,-999
8/26/2017,2.91,6.312,7.408,-999,-999,-999
8/27/2017,2.48,2.836,15.875,-999,-999,-999
8/28/2017,2.602,6.211,14.288,-999,-999,-999
8/29/2017,3.353,7.646,16.193,-999,-999,-999
8/30/2017,4.577,7.748,27.698,-999,-999,-999
8/31/2017,4.325,7.053,11.988,-999,-999,-999
09/01/2017,4.725,8.428,14.483,-999,-999,-999
09/02/2017,5.461,8.247,23.347,-999,-999,-999
09/03/2017,4.051,5.335,18.205,-999,-999,-999
09/04/2017,4.869,5.118,14.103,-999,-999,-999
09/05/2017,3.876,6.238,8.505,-999,-999,-999
09/06/2017,4.169,11.236,17.136,-999,-999,-999
09/07/2017,4.851,4.512,22.662,-999,-999,-999
09/08/2017,4.829,11.464,21.584,15.973,22.845,0.156
09/09/2017,3.953,10.504,18.635,18.575,28.904,0.115
09/10/2017,6.366,25.006,8.469,17.303,26.951,0.141
09/11/2017,4.356,5.095,17.066,19.288,28.641,0.154
09/12/2017,4.119,5.117,7.299,10.018,19.361,0.096
9/13/2017,-999,-999,-999,-999,-999,-999
9/14/2017,-999,-999,-999,-999,-999,-999
9/15/2017,-999,-999,-999,-999,-999,-999
9/16/2017,-999,-999,-999,-999,-999,-999
9/17/2017,-999,-999,-999,-999,-999,-999
9/18/2017,-999,-999,-999,-999,-999,-999
9/19/2017,-999,-999,-999,-999,-999,-999
9/20/2017,-999,-999,-999,-999,-999,-999
9/21/2017,6.063,6.306,32.312,7.388,7.943,0.098
9/22/2017,7.617,9.628,30.826,12.945,20.734,0.095
9/23/2017,7.359,9.298,17.243,6.466,15.881,0.112
9/24/2017,6.147,10.132,20.352,8.042,19.266,0.13
9/25/2017,6.655,11.277,20.515,10.319,17.069,0.166
9/26/2017,7.386,11.608,30.518,5.586,16.365,0.146
9/27/2017,6.572,10.098,18.964,7.046,17.168,0.088
9/28/2017,5.103,11.474,11.143,9.505,15.891,0.12
9/29/2017,4.862,11.851,11.226,15.949,25.079,0.17
9/30/2017,4.118,10.453,8.452,12.473,28.745,0.171
10/01/2017,4.579,9.257,28.091,10.603,21.843,0.152
10/02/2017,3.919,6.508,14.422,10.03,23.698,0.146
10/03/2017,3.96,7.228,7.663,9.605,23.008,0.143
10/04/2017,5.442,7.211,12.861,13.051,16.95,0.114
10/05/2017,12.142,7.364,15.525,7.254,11.023,0.264
10/06/2017,10.699,3.852,40.976,8.373,11.431,0.14
10/07/2017,11.446,8.572,33.256,10.678,14.887,0.298
10/08/2017,11.443,5.118,37.21,10.515,15.277,0.313
10/09/2017,12.362,4.425,35.375,11.613,14.348,0.289
10/10/2017,11.29,3.767,43.896,8.373,9.636,0.232
10/11/2017,12.285,6.011,40.661,12.428,14.796,0.28
10/12/2017,13.074,6.141,36.072,11.581,14.486,0.303
10/13/2017,12.34,2.518,26.23,17.949,16.689,0.099
10/14/2017,12.683,2.827,26.101,9.766,9.331,0.106
10/15/2017,12.278,2.278,46.832,6.147,7.689,0.144
10/16/2017,11.17,3.524,43.582,5.545,7.414,0.238
10/17/2017,11.321,5.156,46.064,11.61,14.031,0.29
10/18/2017,11.966,7.776,52.976,18.133,21.871,0.328
10/19/2017,14.041,8.495,53.01,17.903,21.127,0.394
10/20/2017,14.815,4.48,77.822,9.098,10.785,0.201
10/21/2017,14.895,3.801,57.467,14.359,18.054,0.139
10/22/2017,14.556,1.818,70.619,10.776,13.258,0.193
10/23/2017,14.419,6.844,67.736,20.975,24.529,0.425
10/24/2017,14.277,7.729,66.983,15.005,18.179,0.457
10/25/2017,12.716,10.733,56.428,,,0.471
10/26/2017,13.041,6.465,60.143,,,0.352
10/27/2017,13.589,6.726,60.702,,,0.411
10/28/2017,13.59,5.745,65.879,,,0.326
10/29/2017,13.677,7.597,62.946,,,0.453
10/30/2017,13.792,5.392,71.44,,,0.364
10/31/2017,12.554,3.602,80.023,,,0.297
11/01/2017,13.053,9.324,65.461,-999,-999,0.421
11/02/2017,-999,-999,-999,-999,-999,-999
11/03/2017,-999,-999,-999,-999,-999,-999
11/04/2017,-999,-999,-999,-999,-999,-999
11/05/2017,-999,-999,-999,-999,-999,-999
11/06/2017,-999,-999,-999,-999,-999,-999
11/07/2017,-999,-999,-999,-999,-999,-999
11/08/2017,-999,-999,-999,-999,-999,-999
11/09/2017,-999,-999,-999,-999,-999,-999
11/10/2017,-999,-999,-999,-999,-999,-999
11/11/2017,-999,-999,-999,-999,-999,-999
11/12/2017,-999,-999,-999,-999,-999,-999
11/13/2017,-999,-999,-999,-999,-999,-999
11/14/2017,9.012,8.941,35.665,11.888,29.847,0.421
11/15/2017,14.241,7.901,24.357,12.434,27.227,0.308
11/16/2017,13.814,5.878,22.606,13.29,25.216,0.356
11/17/2017,13.926,5.498,25.072,22.36,33.675,0.413
11/18/2017,13.529,3.428,24.811,12.775,21.604,0.307
11/19/2017,12.678,5.636,15.012,13.012,23.874,0.309
11/20/2017,12.452,4.091,15.512,8.354,17.233,0.246
11/21/2017,12.575,4.063,19.885,9.22,16.874,0.284
11/22/2017,13.224,6.599,22.51,11.878,20.847,0.395
11/23/2017,12.721,6.987,23.366,14.114,22.115,0.409
11/24/2017,11.959,4.715,21.296,13.415,20.331,0.348
11/25/2017,11.62,6.99,19.491,16.841,25.18,0.376
11/26/2017,11.817,6.669,18.581,11.876,19.159,0.352
11/27/2017,11.95,7.406,20.247,14.435,24.049,0.356
11/28/2017,11.989,14.516,18.889,18.548,29.987,0.415
11/29/2017,12.55,9.593,19.508,13.251,22.753,0.335
11/30/2017,12.321,9.381,17.861,15.221,20.743,0.373
12/01/2017,12.644,8.819,22.629,15.569,20.248,0.366
12/02/2017,12.834,6.119,25.665,20.624,27.313,0.448
12/03/2017,12.335,7.269,22.573,20.486,29.432,0.52
12/04/2017,12.751,7.482,22.447,14.28,22.123,0.386
12/05/2017,12.387,5.568,24.198,10.432,15.402,0.341
12/06/2017,-999,-999,-999,13.839,22.165,0.343
12/07/2017,12.481,2.302,28.038,18.994,28.875,0.414
12/08/2017,12.573,7.64,24.264,10.732,20.468,0.302
12/09/2017,13.054,9.9,27.462,17.434,25.561,0.372
12/10/2017,12.83,8.299,25.864,19.697,25.206,0.479
12/11/2017,12.723,7.196,21.927,16.455,23.197,0.466
12/12/2017,12.549,6.055,25.491,13.011,20.451,0.314
12/13/2017,12.571,6.871,22.541,10.329,17.347,0.341
12/14/2017,12.228,9.682,26.234,13.176,23.871,0.33
12/15/2017,12.273,14.161,23.543,18.3,28.394,0.414
12/16/2017,12.463,16.794,25.858,27.542,38.95,0.471
12/17/2017,13.053,15.951,21.353,30.579,40.794,0.493
12/18/2017,12.58,9.236,17.048,31.575,38.815,0.492
12/19/2017,12.992,8.405,26.918,22.174,28.098,0.423
12/20/2017,12.175,5.779,22.668,8.603,12.927,0.256
12/21/2017,10.766,2.453,28.264,5.05,18.542,0.206
12/22/2017,12.009,6.683,22.79,17.97,24.923,0.287
12/23/2017,12.432,8.543,19.99,19.062,24.915,0.357
12/24/2017,12.166,6.953,21.425,13.273,17.699,0.317
12/25/2017,12.539,6.59,19.525,17.391,23.205,0.383
12/26/2017,12.106,8.027,20.585,12.567,18.316,0.386
12/27/2017,11.927,9.94,17.282,15.406,21.581,0.362
12/28/2017,15.08,16.866,9.949,9.43,15.346,0.282
12/29/2017,12.031,9.048,20.837,11.994,18.723,0.259
12/30/2017,11.989,13.303,22.338,9.719,15.125,0.249
12/31/2017,12.768,8.892,26.561,15.551,21.188,0.315
